{
 "subproducts":[31,33,83,89,91,32,64],
 "producers":[2580],
 "list":[{"id":2580,"name":"buissonnades","area":85,"x":46.67169,"y":-1.331525}]
}